<?xml version="1.0"?>
<metadata>
  <document uri="file:///home/stevev/.recently-used.xbel" atime="1197867496">
    <entry key="position" value="0"/>
  </document>
  <document uri="file:///home/stevev/.config/gtk-2.0/gtkfilechooser" atime="1197867370">
    <entry key="position" value="0"/>
  </document>
  <document uri="file:///home/stevev/.lesshst" atime="1197867444">
    <entry key="position" value="0"/>
  </document>
  <document uri="file:///home/stevev/.bashrc" atime="1197181011">
    <entry key="position" value="0"/>
  </document>
  <document uri="file:///home/stevev/temp/ELF%20exploit.sh" atime="1197181503">
    <entry key="position" value="3522"/>
  </document>
  <document uri="file:///home/stevev/.bash_history" atime="1197867429">
    <entry key="position" value="0"/>
  </document>
</metadata>
